{"Train Loss": 0.3990329379251052, "FC1 Average Percent Activated": 0.032667916666666665, "FC2 Average Percent Activated": 0.046964484126984125, "PercentDeadFC1": 0.008333333333333333, "PercentDeadFC2": 0.0, "Train Accuracy": 0.85155, "_timestamp": 1647048590, "_runtime": 299, "_step": 79, "Validation Loss": 0.44171056151390076, "Validation Accuracy": 0.849, "_wandb": {"runtime": 300}}