{"Train Loss": 0.35713066552276584, "FC1 Average Percent Activated": 0.04023763888888889, "FC2 Average Percent Activated": 0.422659126984127, "PercentDeadFC1": 0.0, "PercentDeadFC2": 0.0, "Train Accuracy": 0.86315, "step": 120000, "_timestamp": 1647048128, "_runtime": 293, "_step": 79, "Validation Loss": 0.4022468626499176, "Validation Accuracy": 0.8522, "epoch": 8, "_wandb": {"runtime": 293}}