{"Train Loss": 2.2874370181560515, "_timestamp": 1647046428, "_runtime": 9, "_step": 2, "FC1 Average Percent Activated": 0.16803958333333333, "PercentDeadFC1": 0.06666666666666667, "_wandb": {"runtime": 9}}